from;to
1;250
1;308
1;413
1;525
1;803
1;894
2;332
2;433
2;474
2;847
2;963
2;968
3;147
3;290
3;337
3;393
474;3
4;179
4;193
4;233
5;737
5;793
5;838
6;684
6;718
7;237
7;404
8;698
8;724
10;285
10;641
11;86
285;11
11;376
11;689
11;758
11;889
12;145
12;410
12;544
13;583
13;835
14;96
14;788
14;924
15;43
15;91
15;446
16;181
16;289
16;378
16;406
16;547
16;784
17;189
17;399
17;482
17;822
18;262
308;18
18;817
18;832
19;260
19;997
20;81
20;229
20;839
21;56
21;840
22;183
23;186
23;397
23;676
23;760
24;344
24;534
24;980
25;303
25;343
25;395
25;925
25;988
26;483
26;522
27;132
28;335
28;506
28;643
29;304
29;704
29;871
29;872
32;466
32;524
32;567
32;683
997;32
34;264
34;279
34;896
35;105
35;356
35;460
35;568
35;726
35;789
35;865
35;902
35;951
988;35
37;138
37;293
583;38
38;614
38;633
39;224
39;550
40;64
224;40
40;463
40;521
343;41
42;347
42;566
42;746
42;885
43;99
43;424
43;442
43;459
43;571
43;613
689;43
43;807
44;84
44;106
44;257
44;883
45;191
45;222
45;265
45;631
45;681
45;853
47;207
47;296
47;546
726;47
47;866
48;161
48;665
49;640
49;816
50;160
50;669
51;284
51;313
52;371
52;973
53;270
53;407
53;748
54;230
410;54
54;445
54;587
54;644
54;651
54;936
54;961
54;964
55;320
55;804
56;284
56;476
56;506
56;755
56;919
684;57
57;730
57;754
58;85
58;259
58;609
58;975
191;59
59;278
59;360
413;59
60;454
60;589
609;60
889;60
61;170
61;184
61;215
61;365
61;426
61;707
61;828
62;548
63;294
63;479
63;671
64;473
64;497
64;642
64;914
64;942
64;999
99;65
65;358
66;491
669;66
67;326
68;310
68;531
68;717
68;852
68;882
68;960
69;172
69;331
69;416
69;552
643;69
71;453
71;607
71;732
71;994
72;245
72;428
72;943
73;97
73;255
279;73
73;570
74;238
75;412
76;235
76;271
76;532
76;722
76;927
964;76
238;77
77;286
77;638
77;736
78;216
78;351
78;526
78;745
78;911
927;78
78;971
179;79
80;970
81;839
707;82
82;814
83;288
83;556
83;595
84;456
84;560
84;563
84;976
85;98
85;249
85;609
85;802
86;149
86;661
86;689
86;788
86;953
87;312
87;630
87;696
87;740
793;87
286;88
459;88
633;88
88;682
88;864
89;400
424;89
460;89
89;947
90;208
90;354
683;90
90;744
91;467
91;946
92;195
583;92
92;932
93;402
93;411
828;93
94;321
94;670
358;95
532;95
95;931
96;766
97;129
97;458
707;97
968;97
98;116
161;98
98;336
98;422
98;493
98;802
98;877
99;281
99;442
99;651
99;826
99;907
807;100
976;100
101;352
101;364
101;414
102;190
102;618
839;102
914;102
924;102
784;103
103;887
104;635
961;104
105;182
105;772
106;380
106;488
106;510
106;662
106;670
107;520
583;107
294;109
109;584
109;597
110;267
110;388
111;338
111;862
111;933
112;691
112;998
278;113
113;763
114;475
506;114
114;790
835;114
114;898
115;420
115;494
115;819
406;116
116;440
116;535
116;692
116;886
267;117
388;117
117;437
661;117
853;117
117;876
877;117
118;219
358;118
118;798
119;156
119;672
119;731
766;119
119;825
343;120
120;972
120;981
121;551
121;842
963;121
138;122
207;122
122;349
122;527
122;529
122;650
122;770
889;122
123;150
354;123
123;377
123;811
123;922
124;617
125;130
190;125
337;125
125;523
125;742
125;880
126;409
126;539
793;126
889;127
127;937
128;152
128;159
128;448
527;128
128;591
129;317
707;129
973;129
337;130
130;702
130;831
131;324
131;472
131;492
131;659
132;436
133;168
172;133
133;515
133;538
532;134
135;329
406;135
135;714
186;136
136;706
364;137
139;241
139;912
736;140
467;141
141;660
288;142
317;142
142;470
142;735
142;773
976;142
143;282
143;705
143;930
144;300
144;625
144;715
889;144
988;144
145;319
145;774
146;610
146;741
147;375
288;148
148;909
149;383
149;585
149;593
149;661
718;149
149;874
894;149
172;150
150;178
150;545
150;873
245;152
152;487
153;768
999;153
154;868
154;995
155;269
560;155
155;860
186;156
467;156
156;645
157;425
157;849
332;158
642;158
190;159
159;342
407;159
595;159
159;620
159;849
160;514
160;645
161;553
161;802
290;162
162;549
981;162
163;239
163;540
864;163
531;164
164;537
164;795
164;800
165;391
406;165
630;165
165;761
165;891
166;333
166;427
166;581
166;982
167;855
907;167
168;398
168;515
233;169
413;169
683;169
931;169
170;184
839;170
170;890
171;176
356;171
613;171
171;679
171;884
426;172
172;796
400;173
506;173
184;174
174;211
174;274
174;403
174;734
174;812
175;511
176;302
176;363
177;204
177;246
177;251
177;283
177;465
177;557
177;664
704;177
891;177
393;178
178;884
178;915
179;242
179;302
179;637
180;273
981;180
181;289
181;587
181;696
182;569
183;671
183;831
185;305
789;185
186;277
270;187
187;341
410;188
625;188
189;222
189;439
189;590
190;620
190;867
190;880
191;278
356;191
968;191
191;989
302;192
192;419
193;464
193;673
523;194
741;194
195;372
195;403
195;863
424;196
196;810
349;197
197;601
197;666
246;198
198;401
198;716
198;719
198;771
199;594
531;200
200;756
201;381
666;201
201;688
788;201
867;201
411;202
204;979
205;498
525;205
898;205
206;253
539;206
206;818
206;859
207;236
207;448
207;790
207;880
208;354
208;879
209;906
587;210
717;210
211;261
211;384
545;211
630;211
211;666
817;211
212;346
212;443
212;451
545;212
212;752
947;212
456;213
889;213
214;674
216;300
216;322
216;543
671;216
216;881
927;216
883;217
422;218
946;218
219;239
406;220
734;220
874;220
221;649
221;957
222;265
222;269
222;853
222;918
222;920
222;989
223;675
692;223
223;809
224;394
224;463
224;854
274;225
406;225
227;658
960;227
228;307
975;228
229;695
230;791
230;811
230;905
230;964
231;449
231;452
556;231
864;231
597;232
232;769
233;886
675;234
235;700
964;235
237;236
416;236
482;236
568;236
236;929
237;503
238;769
822;238
238;905
239;517
671;239
239;734
975;239
240;297
684;240
240;808
650;241
241;769
424;242
817;242
243;374
683;243
744;243
930;243
307;244
456;244
245;251
642;245
922;246
968;246
259;247
247;291
247;444
669;247
247;690
487;248
248;663
248;944
249;632
689;249
250;515
250;769
250;986
251;334
335;251
251;465
251;801
891;251
375;252
855;252
252;870
253;322
402;253
253;721
690;254
789;254
255;627
852;255
284;256
587;256
730;256
256;987
257;545
257;909
257;996
281;258
336;258
614;258
258;956
996;258
259;392
259;845
259;975
260;274
260;567
260;600
260;769
260;916
698;261
261;781
817;261
262;306
262;319
262;323
262;776
803;263
816;263
406;264
264;420
264;795
265;853
265;862
488;266
601;266
266;958
267;876
269;602
269;743
862;269
269;888
911;269
270;441
290;271
271;324
271;608
271;927
594;272
437;274
274;564
274;600
274;824
963;274
276;699
743;276
276;974
454;277
278;593
278;821
724;279
279;865
279;897
329;280
384;280
280;992
281;774
822;281
281;991
482;282
282;705
284;398
284;476
284;730
284;919
285;746
285;758
285;823
286;342
286;635
286;800
286;821
287;370
287;390
288;420
288;556
288;861
289;779
290;324
449;291
291;648
669;291
688;291
788;291
659;292
292;954
293;953
522;296
296;533
296;577
803;296
296;849
297;357
299;596
300;668
300;715
732;300
300;881
643;301
301;753
302;369
302;419
302;518
302;987
303;500
303;655
303;672
303;825
304;531
304;704
304;919
305;653
789;305
306;434
306;519
540;306
306;612
308;894
336;309
309;485
691;309
745;311
312;316
312;617
313;557
313;596
313;621
637;314
649;314
790;314
802;314
960;314
343;315
524;316
316;856
317;537
317;714
318;895
335;319
319;361
319;391
534;319
689;320
320;804
964;320
321;590
321;670
321;875
321;985
323;447
323;733
812;323
324;363
324;655
868;325
698;326
327;836
529;328
492;329
329;621
329;673
329;984
960;330
332;901
746;333
811;333
822;333
865;333
335;334
334;417
334;588
334;966
335;424
335;589
335;954
614;336
682;336
802;336
337;633
931;338
401;340
341;368
407;342
412;342
842;342
343;588
343;716
343;892
344;532
344;637
344;980
553;345
597;345
399;346
758;346
346;834
347;558
347;623
348;489
348;559
632;348
348;850
349;359
349;588
349;770
817;351
351;849
351;971
807;352
352;855
353;603
854;353
976;353
354;819
354;843
354;856
356;789
356;823
371;357
358;536
358;561
707;359
859;359
994;359
360;690
360;884
360;942
361;450
361;558
361;701
918;361
973;361
375;362
362;461
784;364
365;580
365;598
365;685
365;732
890;366
972;366
637;367
368;713
369;499
571;369
700;369
370;390
643;370
370;753
370;921
371;994
372;863
404;373
373;471
997;373
375;508
942;375
376;435
568;377
377;645
377;917
378;948
402;379
840;379
380;680
425;382
465;382
569;382
382;579
768;382
803;383
894;383
384;738
384;837
608;385
526;386
388;501
388;636
390;435
390;462
390;499
390;606
390;794
390;923
672;392
392;845
393;870
660;394
395;866
395;987
743;396
397;909
398;856
758;399
399;996
460;400
401;417
722;401
401;823
402;721
403;419
422;403
550;403
413;405
406;547
406;886
406;934
406;999
408;486
870;408
930;408
409;470
409;581
409;600
409;604
410;502
410;961
410;964
411;430
411;441
412;897
413;803
414;897
415;628
415;833
855;415
416;798
416;908
445;417
417;588
417;966
984;417
871;419
420;861
946;420
420;983
420;985
479;422
422;877
423;777
424;913
424;954
887;425
426;796
822;428
430;429
429;578
429;652
429;667
732;429
429;739
808;429
430;759
433;431
669;431
433;452
433;467
433;920
434;554
435;923
436;580
436;673
436;812
445;437
437;743
853;437
963;437
438;480
439;647
446;440
440;505
440;608
440;709
914;440
441;603
692;441
772;441
862;441
442;777
442;878
443;752
446;668
446;744
446;955
880;448
449;577
482;450
556;450
912;450
957;452
453;607
453;678
453;787
453;994
454;806
980;454
551;455
561;455
998;455
457;468
584;457
788;457
473;458
458;530
689;458
459;538
689;459
460;902
460;979
679;461
812;461
884;462
886;462
463;717
466;741
466;939
467;797
467;813
760;468
834;468
529;469
738;469
470;905
470;949
503;471
471;516
471;949
472;701
472;800
521;473
473;530
473;999
474;644
474;759
474;987
643;475
835;475
476;495
690;477
859;477
478;799
676;479
479;877
480;507
480;605
480;634
503;481
774;481
482;929
483;610
584;484
733;484
638;487
682;487
544;488
571;488
642;488
488;918
577;490
491;510
802;492
492;950
493;773
494;634
494;876
498;495
496;829
955;496
497;642
726;497
497;833
497;914
498;652
499;606
696;499
499;767
500;655
825;500
942;500
581;501
915;501
501;938
543;502
701;502
770;502
503;558
503;949
748;504
506;571
724;506
506;766
506;790
737;508
982;508
913;509
510;615
566;511
511;654
692;513
767;513
932;513
737;516
660;517
742;517
552;518
518;598
700;518
854;518
640;519
583;520
521;617
521;622
522;733
522;952
524;567
524;683
718;524
525;528
526;541
527;820
759;528
529;699
530;575
530;903
998;530
531;697
871;531
531;882
532;565
532;575
532;590
532;682
968;532
533;577
533;622
533;753
877;533
534;903
534;923
534;980
535;734
535;926
970;535
536;561
791;536
538;600
538;709
538;934
544;539
614;540
652;541
541;703
866;541
944;541
997;541
543;701
543;799
543;824
946;543
545;850
547;791
549;786
550;606
963;551
705;554
809;554
554;827
554;939
555;711
912;555
556;729
556;855
872;556
556;966
557;621
958;558
632;559
665;559
719;559
560;582
560;636
998;561
570;562
628;562
707;562
777;562
923;562
563;976
564;604
651;564
564;738
564;786
564;844
565;782
836;565
566;654
566;810
567;612
567;769
567;916
569;910
570;777
570;958
679;573
958;573
908;575
638;576
736;576
577;656
653;578
808;578
607;579
645;579
774;579
865;579
636;582
583;606
968;583
999;584
585;851
585;857
587;636
840;588
609;589
589;711
589;967
995;590
592;677
593;874
625;594
698;594
825;594
595;981
596;621
822;596
732;598
823;598
607;599
771;599
724;600
804;600
600;934
839;601
601;875
731;602
800;603
854;603
645;604
607;798
607;849
607;940
607;993
902;608
609;967
610;611
610;967
891;611
943;611
613;843
615;686
618;800
839;618
638;619
619;764
876;619
883;619
620;916
620;926
768;622
622;778
877;622
623;703
623;720
819;623
633;624
892;624
889;625
787;626
984;626
748;627
761;627
929;627
690;629
930;629
630;740
789;630
632;892
633;779
685;634
634;765
813;634
635;728
635;821
635;873
644;637
968;637
883;638
638;895
638;934
640;816
642;694
643;669
643;753
643;861
644;987
646;708
895;647
740;648
649;957
722;650
650;905
961;650
651;786
651;844
856;654
730;656
849;656
680;657
658;908
960;658
852;661
662;786
931;662
664;955
666;751
817;666
669;694
669;711
669;985
670;786
671;734
671;831
672;768
672;825
812;673
818;674
675;725
677;775
798;677
677;945
679;749
679;884
886;679
889;679
683;931
684;754
732;685
814;685
876;686
770;687
687;783
788;688
942;690
692;695
790;692
692;809
692;833
692;910
790;695
916;697
698;725
718;699
722;699
743;699
937;699
702;928
704;919
707;777
759;708
917;709
713;749
713;935
732;715
715;935
716;892
717;852
718;937
874;719
921;720
942;721
722;744
722;905
891;723
968;723
724;829
724;865
726;865
726;966
881;728
732;881
796;733
755;734
737;793
740;892
740;926
970;740
742;830
743;974
744;753
803;744
784;745
746;791
886;749
807;754
770;757
758;996
760;994
856;762
878;764
813;765
769;846
873;771
902;775
956;775
982;776
780;977
810;781
874;781
825;782
873;785
840;786
788;924
789;876
988;789
887;790
811;791
791;905
875;792
795;857
795;858
800;810
802;869
964;804
805;990
980;806
808;875
808;928
808;955
874;810
811;874
811;884
811;922
819;843
819;868
929;820
881;821
822;959
822;991
952;827
865;829
963;830
981;831
988;831
832;872
832;928
839;965
840;960
851;857
855;870
872;855
860;910
860;918
861;985
875;941
875;985
887;984
888;969
890;977
897;954
901;904
998;903
905;949
961;905
907;933
918;910
988;910
976;912
982;921
922;937
923;1000
924;940
925;947
970;926
974;928
997;933
999;934
942;940
952;940
984;966
992;966
